MEDIA_ID,MEDIA_NAME,CNT,TIME(2016/10/04 09:43:23.822),TIMETICK(f=3507578),FPOGX,FPOGY,FPOGS,FPOGD,FPOGID,FPOGV,BPOGX,BPOGY,BPOGV,CX,CY,CS,USER,LPCX,LPCY,LPD,LPS,LPV,RPCX,RPCY,RPD,RPS,RPV
1,image1,182,2.9898,2.76188E+12,0.4992,0.4742,2.52989,0.45991,5,1,0.50274,0.45946,0,0.99226,0.40476,0,,0.10935,0.18919,9.63287,1.08487,0,0.41858,0.19156,6.34212,1.08598,0
1,image1,182,2.9898,2.76188E+12,0.4992,0.4742,2.52989,0.45991,5,1,0.50274,0.45946,0,0.99226,0.40476,0,,0.10935,0.18919,9.63287,1.08487,0,0.41858,0.19156,6.34212,1.08598,0
0,image1,34,0.56082,2.76189E+12,0.46876,0.40659,0.21327,0.34755,2,1,0.43347,0.20482,1,0.99226,0.40476,0,,0.10987,0.18314,12.33728,1.04547,1,0.41923,0.18341,9.21024,1.05222,1
0,image1,61,1.0017,2.76189E+12,0.43372,0.10342,0.62414,0.37757,3,1,0.79822,0.11848,1,0.99226,0.40476,0,,0.12702,0.17891,11.27529,1.00784,1,0.43803,0.1787,8.78117,1.00886,1
0,image1,86,1.4128,2.76189E+12,0.81338,0.12929,1.06759,0.34521,4,1,0.42137,0.08143,1,0.99226,0.40476,0,,0.11271,0.18,12.22658,1.05094,1,0.4229,0.18166,8.7088,1.05769,1
0,image1,104,1.70818,2.76189E+12,0.38567,0.17723,1.47831,0.22987,5,1,0.39725,0.48412,1,0.99226,0.40476,0,,0.11256,0.18591,11.00134,1.01275,1,0.42198,0.18841,9.20175,1.01377,1
0,image1,111,1.82285,2.76189E+12,0.41693,0.47434,1.77361,0.04924,6,1,0.43909,0.494,1,0.99226,0.40476,0,,0.11597,0.1843,10.69633,1.08261,1,0.42782,0.18671,8.28063,1.08364,1
0,image1,132,2.16771,2.76189E+12,0.93367,0.39745,1.88862,0.27909,7,1,0.9456,0.42575,1,0.99226,0.40476,0,,0.13191,0.18597,11.42688,0.97477,1,0.44454,0.18792,9.38084,0.9758,1
0,image1,154,2.5292,2.76189E+12,0.37806,0.29284,2.2831,0.2461,8,1,0.37406,0.45122,1,0.99226,0.40476,0,,0.10912,0.18826,11.34025,1.05675,1,0.41904,0.19111,10.20967,1.0635,1